zipCode,Average_Income_Per_Citizen
2630,27086.403566296096
2000,19091.860060566694
2018,19091.860060566694
2020,19091.860060566694
2030,19091.860060566694
2040,19091.860060566694
2050,19091.860060566694
2060,19091.860060566694
2600,19091.860060566694
9690,19091.860060566694
2040,19091.860060566694
2140,19091.860060566694
2180,19091.860060566694
2660,19091.860060566694
2040,19091.860060566694
2170,19091.860060566694
9690,19091.860060566694
2610,19091.860060566694
2040,19091.860060566694
2530,27017.12477183833
2531,27017.12477183833
2850,20251.21560067149
2150,21435.21616146432
2930,26412.346863771872
2960,24991.845850857277
2960,24991.845850857277
2960,24991.845850857277
2650,26633.14145072712
2910,22312.12946100158
2620,22469.403318463446
2540,30827.26459616296
2920,25680.52338224693
,28045.66501495873
2550,27583.791686551976
2550,27583.791686551976
2547,27922.901303228828
2640,24519.327335076352
2845,22249.05712380776
2520,26093.330842470292
2520,26093.330842470292
2520,26093.330842470292
2520,26093.330842470292
2840,25537.72734448985
2840,25537.72734448985
2840,25537.72734448985
2627,24740.516260678825
2970,30192.5989395358
2970,30192.5989395358
2900,25664.505885040748
2940,25574.96066677284
2940,25574.96066677284
2110,23956.06524827454
2160,24004.696715041573
2990,23180.218255405656
2990,23180.218255405656
2240,25037.23143274416
2242,25037.23143274416
2243,25037.23143274416
2240,25037.23143274416
2240,25037.23143274416
2980,26330.41028849155
2070,22994.36273903924
2070,22994.36273903924
2390,24352.945329543323
2390,24352.945329543323
2390,24352.945329543323
2590,23433.116085864927
2590,23433.116085864927
2820,29606.739484409365
2820,29606.739484409365
2880,26108.866028568827
2880,26108.866028568827
2880,26108.866028568827
2880,26108.866028568827
2570,24905.64556056056
2221,23881.251959028625
2220,23881.251959028625
2220,23881.251959028625
2222,23881.251959028625
2223,23881.251959028625
2222,23881.251959028625
2500,23739.14585111715
2500,23739.14585111715
2801,22812.04587469249
2811,22812.04587469249
2811,22812.04587469249
2800,22812.04587469249
2800,22812.04587469249
2560,24079.547730787304
2560,24079.547730787304
2560,24079.547730787304
2580,24984.482733616016
2580,24984.482733616016
2861,25334.740129196576
2860,25334.740129196576
2830,21746.326039318763
2830,21746.326039318763
2830,21746.326039318763
2830,21746.326039318763
,25704.175836695056
2370,21614.43037320144
2387,19932.23051460824
2490,22642.606136090613
2491,22642.606136090613
2340,24453.50005864465
2340,24453.50005864465
2480,21966.26773584906
2440,23688.27643755379
2288,24857.76229012935
2280,24857.76229012935
2200,23908.888319160105
2200,23908.888319160105
2200,23908.888319160105
2270,22972.88924923012
2230,23645.15951165147
2230,23645.15951165147
2320,21812.43639154866
2321,21812.43639154866
2328,21812.43639154866
2322,21812.43639154866
2323,21812.43639154866
2235,23646.981919727372
2235,23646.981919727372
2235,23646.981919727372
2460,24659.03677430948
2460,24659.03677430948
2460,24659.03677430948
2275,23601.753580700613
2275,23601.753580700613
2275,23601.753580700613
2275,23601.753580700613
2450,23250.51521260147
2330,22583.455069894306
2400,23240.020923242224
2250,23555.183465994167
2360,24084.92225397041
2382,20786.326916155955
2380,20786.326916155955
2381,20786.326916155955
2470,24082.44959462883
2310,21960.93703216024
2300,20234.52950386804
2290,23511.139782446546
2350,24933.08655736316
2260,23839.895205764547
2260,23839.895205764547
2260,23839.895205764547
2430,23466.4559047106
2431,23466.4559047106
2431,23466.4559047106
1070,13578.30347419342
1160,22633.830371187687
1082,17842.488152464954
1000,15365.288008090956
1130,15365.288008090956
1020,15365.288008090956
1120,15365.288008090956
1040,18010.0123421042
1140,15962.891058185514
1190,17638.57190232832
2430,17638.57190232832
1083,17259.545957022077
1050,20531.95734605348
1090,17226.633175554893
1081,14569.179692416788
1080,12608.647014348224
1060,16719.866069176653
1210,11873.798566573076
1030,14931.300264882431
1180,24200.73499216037
1170,23441.184563248265
1200,20266.11284536117
1150,24490.32497282161
1730,22710.06331334716
1730,22710.06331334716
1730,22710.06331334716
1730,22710.06331334716
1731,22710.06331334716
1731,22710.06331334716
1652,24929.723387096776
1650,24929.723387096776
1653,24929.723387096776
1654,24929.723387096776
1651,24929.723387096776
1547,24184.244918322296
1700,24877.003548936173
1702,24877.003548936173
1701,24877.003548936173
1703,24877.003548936173
1700,24877.003548936173
1700,24877.003548936173
1570,25262.946082809696
1570,25262.946082809696
1570,25262.946082809696
1755,25889.084707254984
1755,25889.084707254984
1755,25889.084707254984
1755,25889.084707254984
1852,24858.901100640112
1850,24858.901100640112
1851,24858.901100640112
1853,24858.901100640112
1501,22785.307591029086
1500,22785.307591029086
2980,22785.307591029086
1502,22785.307591029086
1540,25480.515423628567
1540,25480.515423628567
1560,27451.742327294796
1910,27636.229112896744
1910,27636.229112896744
1910,27636.229112896744
1880,26298.441958794905
1880,26298.441958794905
1880,26298.441958794905
1770,22369.879602219506
1840,25708.20925290336
1840,25708.20925290336
1840,25708.20925290336
1831,18827.81823547252
1860,27524.562198725234
1861,27524.562198725234
1785,25280.500775084554
1785,25280.500775084554
1745,25203.008922095367
1745,25203.008922095367
3090,28285.523007929787
1673,26616.735285745566
1674,26616.735285745566
1670,26616.735285745566
1671,26616.735285745566
1670,26616.735285745566
1670,26616.735285745566
1600,20983.75495173638
1601,20983.75495173638
2870,20983.75495173638
1600,20983.75495173638
1600,20983.75495173638
1602,20983.75495173638
1820,25565.083862375137
1820,25565.083862375137
1820,25565.083862375137
1742,24935.85475739932
1740,24935.85475739932
1741,24935.85475739932
1800,20046.01779775711
1800,20046.01779775711
1930,22176.53005575697
1932,22176.53005575697
1933,22176.53005575697
1930,22176.53005575697
1982,28445.639978593143
1980,28445.639978593143
1982,28445.639978593143
1980,28445.639978593143
1761,25981.988033035563
1760,25981.988033035563
1760,25981.988033035563
1760,25981.988033035563
1760,25981.988033035563
1620,19553.909757306443
1950,25433.136898441397
1630,26694.1836875
1640,28711.000018677627
1780,23592.69368370625
1970,26883.904236719605
1750,26911.928597179514
1750,26911.928597179514
1750,26911.928597179514
1790,25337.435235320158
1790,25337.435235320158
1790,25337.435235320158
1790,25337.435235320158
3200,24933.560200946395
3200,24933.560200946395
3201,24933.560200946395
3202,24933.560200946395
3130,25485.27497568418
3130,25485.27497568418
3460,24499.17988758993
3460,24499.17988758993
3461,24499.17988758993
3060,28303.053432269364
3060,28303.053432269364
3061,28303.053432269364
3360,29279.975670073552
3360,29279.975670073552
3360,29279.975670073552
3360,29279.975670073552
3190,27470.883497700368
3191,27470.883497700368
3370,27705.38825730034
3370,27705.38825730034
3370,27705.38825730034
3370,27705.38825730034
3370,27705.38825730034
3370,27705.38825730034
2100,24169.735651416297
3290,24169.735651416297
3290,24169.735651416297
3293,24169.735651416297
3294,24169.735651416297
3290,24169.735651416297
3290,24169.735651416297
3450,22586.23281813827
3450,22586.23281813827
3454,22586.23281813827
3150,27203.0194897893
3150,27203.0194897893
3150,27203.0194897893
3020,28925.05901377459
3020,28925.05901377459
3020,28925.05901377459
3320,27160.93535383257
3321,27160.93535383257
3220,28393.85246209884
3220,28393.85246209884
3221,28393.85246209884
3220,28393.85246209884
3040,27628.935115079363
3040,27628.935115079363
3040,27628.935115079363
3040,27628.935115079363
3040,27628.935115079363
3140,32128.69437253713
3471,24101.221041405268
3472,24101.221041405268
3470,24101.221041405268
3470,24101.221041405268
3470,24101.221041405268
3473,24101.221041405268
3071,27002.247761472277
3078,27002.247761472277
3070,27002.247761472277
3078,27002.247761472277
3404,24093.77345799558
3400,24093.77345799558
3400,24093.77345799558
3400,24093.77345799558
3400,24093.77345799558
3404,24093.77345799558
3400,24093.77345799558
3400,24093.77345799558
3400,24093.77345799558
3401,24093.77345799558
3401,24093.77345799558
3401,24093.77345799558
3400,24093.77345799558
3401,24093.77345799558
3001,24821.097955906767
3010,24821.097955906767
3000,24821.097955906767
3018,24821.097955906767
3012,24821.097955906767
3211,28627.576871437195
3210,28627.576871437195
3210,28627.576871437195
3212,28627.576871437195
3052,31285.033529666525
3053,31285.033529666525
3050,31285.033529666525
3051,31285.033529666525
3054,31285.033529666525
3110,27765.98203325905
3118,27765.98203325905
3111,27765.98203325905
3080,28176.616190208217
3080,28176.616190208217
3080,28176.616190208217
3300,22889.075685463868
3300,22889.075685463868
3300,22889.075685463868
3300,22889.075685463868
3300,22889.075685463868
3300,22889.075685463868
3300,22889.075685463868
3300,22889.075685463868
3300,22889.075685463868
3128,26648.684896987877
3120,26648.684896987877
3440,23828.13420512229
3440,23828.13420512229
3440,23828.13420512229
3440,23828.13420512229
3440,23828.13420512229
3350,24602.12592182589
3350,24602.12592182589
3350,24602.12592182589
3350,24602.12592182589
3350,24602.12592182589
3350,24602.12592182589
3350,24602.12592182589
3350,24602.12592182589
3271,23861.91441721156
3272,23861.91441721156
3270,23861.91441721156
3272,23861.91441721156
3271,23861.91441721156
3390,25138.119225524475
3391,25138.119225524475
3390,25138.119225524475
3384,26105.771844821236
3380,26105.771844821236
3380,26105.771844821236
2950,26105.771844821236
3381,26105.771844821236
1320,26011.94160813053
1320,26011.94160813053
1320,26011.94160813053
1320,26011.94160813053
1320,26011.94160813053
1420,25437.437782253084
1428,25437.437782253084
1421,25437.437782253084
1440,25255.218503420485
1440,25255.218503420485
1325,29066.00182934056
1325,29066.00182934056
1325,29066.00182934056
1325,29066.00182934056
1325,29066.00182934056
1490,23709.847384186047
1470,25255.11656613258
1470,25255.11656613258
1470,25255.11656613258
1473,25255.11656613258
1476,25255.11656613258
1471,25255.11656613258
1472,25255.11656613258
1474,25255.11656613258
1390,26823.58123267221
1390,26823.58123267221
1390,26823.58123267221
1390,26823.58123267221
1390,26823.58123267221
1315,24663.076161382254
1315,24663.076161382254
1315,24663.076161382254
1315,24663.076161382254
1315,24663.076161382254
1461,25029.651622389545
1460,25029.651622389545
1460,25029.651622389545
1370,23205.5027750355
1370,23205.5027750355
1370,23205.5027750355
1370,23205.5027750355
1370,23205.5027750355
1370,23205.5027750355
1370,23205.5027750355
1370,23205.5027750355
1370,23205.5027750355
1370,23205.5027750355
1310,27054.3926454257
1435,25432.707643822512
1435,25432.707643822512
1435,25432.707643822512
1401,24589.19388241781
1404,24589.19388241781
1400,24589.19388241781
1400,24589.19388241781
1402,24589.19388241781
1360,24213.08691876751
1360,24213.08691876751
1360,24213.08691876751
1360,24213.08691876751
1332,26878.10178974692
1330,26878.10178974692
1331,26878.10178974692
1480,19744.709976476457
1480,19744.709976476457
1480,19744.709976476457
1480,19744.709976476457
1495,24928.93018888289
1495,24928.93018888289
1495,24928.93018888289
1495,24928.93018888289
1495,24928.93018888289
1410,27684.56522229878
1301,24372.443910958133
1300,24372.443910958133
1300,24372.443910958133
1450,25327.10344872126
1450,25327.10344872126
1450,25327.10344872126
1450,25327.10344872126
1357,22660.274637107414
1357,22660.274637107414
1357,22660.274637107414
1380,30525.7774589534
1380,30525.7774589534
1380,30525.7774589534
1380,30525.7774589534
1380,30525.7774589534
1350,23571.519608662195
1350,23571.519608662195
1350,23571.519608662195
1350,23571.519608662195
1350,23571.519608662195
1350,23571.519608662195
1350,23571.519608662195
1341,22936.735715282623
1342,22936.735715282623
1348,22936.735715282623
1340,22936.735715282623
1367,23370.27410979451
1367,23370.27410979451
1367,23370.27410979451
1367,23370.27410979451
1367,23370.27410979451
1367,23370.27410979451
1367,23370.27410979451
1430,21790.053615197183
1430,21790.053615197183
1430,21790.053615197183
1457,25952.552928505356
1457,25952.552928505356
1457,25952.552928505356
8730,23618.810246109973
8730,23618.810246109973
8370,22305.956225440008
8370,22305.956225440008
8310,24065.43666407341
8000,24065.43666407341
8380,24065.43666407341
8000,24065.43666407341
8380,24065.43666407341
8200,24065.43666407341
8310,24065.43666407341
8200,24065.43666407341
8380,24065.43666407341
8340,24257.73821012022
8340,24257.73821012022
8340,24257.73821012022
8340,24257.73821012022
8340,24257.73821012022
8490,25749.36247609877
8490,25749.36247609877
8490,25749.36247609877
8490,25749.36247609877
8490,25749.36247609877
8020,24377.95976528926
8020,24377.95976528926
8020,24377.95976528926
8020,24377.95976528926
8820,22443.164919642
8211,24058.645290923854
8210,24058.645290923854
8210,24058.645290923854
8210,24058.645290923854
8377,25033.61555434388
8377,25033.61555434388
8377,25033.61555434388
8377,25033.61555434388
8300,32740.104210445705
8300,32740.104210445705
8600,21147.757908466287
8600,21147.757908466287
8600,21147.757908466287
8600,21147.757908466287
8600,21147.757908466287
8600,21147.757908466287
8600,21147.757908466287
8600,21147.757908466287
8600,21147.757908466287
8340,21147.757908466287
8600,21147.757908466287
8600,21147.757908466287
8600,21147.757908466287
8600,21147.757908466287
8600,21147.757908466287
8600,21147.757908466287
8600,21147.757908466287
8650,20376.716484707704
8650,20376.716484707704
8650,20376.716484707704
8680,21485.053729425028
8680,21485.053729425028
8680,21485.053729425028
8610,20949.3781938942
8610,20949.3781938942
8610,20949.3781938942
8610,20949.3781938942
8647,20459.103873957367
8647,20459.103873957367
8647,20459.103873957367
8647,20459.103873957367
8904,21773.866088394043
8900,21773.866088394043
8900,21773.866088394043
8906,21773.866088394043
8902,21773.866088394043
8900,21773.866088394043
8900,21773.866088394043
8908,21773.866088394043
8902,21773.866088394043
8902,21773.866088394043
8904,21773.866088394043
8957,16797.239608938547
8972,20644.647242693136
8970,20644.647242693136
8972,20644.647242693136
8970,20644.647242693136
8972,20644.647242693136
8978,20644.647242693136
8940,20260.40365554977
8940,20260.40365554977
8980,21549.10532627588
8980,21549.10532627588
8980,21549.10532627588
8400,21549.10532627588
8980,21549.10532627588
8980,21549.10532627588
8951,20521.81276702689
8956,20521.81276702689
8958,20521.81276702689
8950,20521.81276702689
8954,20521.81276702689
8953,20521.81276702689
8952,20521.81276702689
8920,21746.15144479102
8920,21746.15144479102
8920,21746.15144479102
8640,19729.842774854613
8640,19729.842774854613
8640,19729.842774854613
8570,23651.55069110498
8570,23651.55069110498
8570,23651.55069110498
8572,23651.55069110498
8573,23651.55069110498
8570,23651.55069110498
8580,22036.38229382692
8583,22036.38229382692
8581,22036.38229382692
8582,22036.38229382692
8581,22036.38229382692
8540,23216.510296154764
8531,22145.40151416785
8530,22145.40151416785
8531,22145.40151416785
8511,22379.0981780756
8510,22379.0981780756
8501,22379.0981780756
8501,22379.0981780756
8510,22379.0981780756
8500,22379.0981780756
8510,22379.0981780756
8510,22379.0981780756
8520,21701.85006841017
8860,22639.589566774688
8930,19797.16624701357
8930,19797.16624701357
8930,19797.16624701357
8792,23039.09522032009
8793,23039.09522032009
8790,23039.09522032009
8560,22416.23500172983
8560,22416.23500172983
8560,22416.23500172983
8551,23173.57720752797
8552,23173.57720752797
8553,23173.57720752797
8554,23173.57720752797
8550,23173.57720752797
8587,21629.23211089494
8587,21629.23211089494
8450,23038.01482827277
8470,22614.29009947004
8470,22614.29009947004
8470,22614.29009947004
8470,22614.29009947004
8480,21693.545765935218
8480,21693.545765935218
8480,21693.545765935218
8432,23338.19988914199
8434,23338.19988914199
8433,23338.19988914199
8430,23338.19988914199
8433,23338.19988914199
1541,23338.19988914199
8433,23338.19988914199
8433,23338.19988914199
8434,23338.19988914199
8431,23338.19988914199
8400,21690.804874956702
8400,21690.804874956702
8460,22601.608044596916
8460,22601.608044596916
8460,22601.608044596916
8460,22601.608044596916
8420,25630.10926224378
8420,25630.10926224378
8421,25630.10926224378
8420,25630.10926224378
8830,22519.286344902383
8830,22519.286344902383
8770,21885.53711017985
8870,21911.485227656565
8870,21911.485227656565
8870,21911.485227656565
8880,21338.224722620263
8880,21338.224722620263
8880,21338.224722620263
8810,22641.852568186776
8890,21633.445091258407
8890,21633.445091258407
8800,21783.34538492088
8800,21783.34538492088
8800,21783.34538492088
8840,20701.01333190137
8840,20701.01333190137
8840,20701.01333190137
8720,22514.809493744207
8720,22514.809493744207
8720,22514.809493744207
8720,22514.809493744207
8760,21759.582732432435
8780,21795.29309313053
8740,21582.290804799533
8740,21582.290804799533
8755,22648.635606831394
8700,22389.908688952222
8700,22389.908688952222
8700,22389.908688952222
3390,22389.908688952222
8700,22389.908688952222
8710,21757.441251373213
8710,21757.441251373213
8710,21757.441251373213
8750,22507.66411064565
8750,22507.66411064565
8850,22170.537019704432
8851,22170.537019704432
8690,20982.35528888009
8691,20982.35528888009
8691,20982.35528888009
8690,20982.35528888009
8691,20982.35528888009
8691,20982.35528888009
8690,20982.35528888009
8690,20982.35528888009
8691,20982.35528888009
8660,23454.94721886554
8660,23454.94721886554
8670,29943.28447885894
8670,29943.28447885894
8670,29943.28447885894
8301,24003.16536761507
8620,24003.16536761507
8301,24003.16536761507
8620,24003.16536761507
8620,24003.16536761507
8730,24003.16536761507
8630,21980.62319751993
8630,21980.62319751993
8630,21980.62319751993
8630,21980.62319751993
8630,21980.62319751993
8630,21980.62319751993
8630,21980.62319751993
8630,21980.62319751993
8630,21980.62319751993
8630,21980.62319751993
8630,21980.62319751993
9310,22980.72143247324
9320,22980.72143247324
9308,22980.72143247324
9310,22980.72143247324
1981,22980.72143247324
9308,22980.72143247324
9310,22980.72143247324
9470,22053.68835264388
9472,22053.68835264388
9473,22053.68835264388
9500,22543.35381868448
9500,22543.35381868448
9506,22543.35381868448
9506,22543.35381868448
9500,22543.35381868448
9506,22543.35381868448
9500,22543.35381868448
9500,22543.35381868448
9500,22543.35381868448
9506,22543.35381868448
9506,22543.35381868448
9500,22543.35381868448
9506,22543.35381868448
9506,22543.35381868448
9500,22543.35381868448
9450,24641.19426482029
9450,24641.19426482029
9450,24641.19426482029
9451,24641.19426482029
9552,24773.771475287205
9550,24773.771475287205
9550,24773.771475287205
9551,24773.771475287205
9550,24773.771475287205
9550,24773.771475287205
9550,24773.771475287205
9550,24773.771475287205
9340,25313.102357515658
9340,25313.102357515658
9340,25313.102357515658
9340,25313.102357515658
9340,25313.102357515658
9400,22642.598119871294
9404,22642.598119871294
9400,22642.598119871294
9400,22642.598119871294
9402,22642.598119871294
9400,22642.598119871294
9403,22642.598119871294
9400,22642.598119871294
9400,22642.598119871294
9406,22642.598119871294
9401,22642.598119871294
9400,22642.598119871294
9520,25297.31056014261
9521,25297.31056014261
9520,25297.31056014261
9520,25297.31056014261
9520,25297.31056014261
9520,25297.31056014261
9620,25204.903148462625
9620,25204.903148462625
9620,25204.903148462625
9620,25204.903148462625
9620,25204.903148462625
9620,25204.903148462625
9620,25204.903148462625
9620,25204.903148462625
9660,25204.903148462625
9620,25204.903148462625
9620,25204.903148462625
9620,25204.903148462625
9420,25063.019679988487
9420,25063.019679988487
9420,25063.019679988487
9420,25063.019679988487
9420,25063.019679988487
9420,25063.019679988487
9420,25063.019679988487
9420,25063.019679988487
9290,23822.388551728603
9290,23822.388551728603
9290,23822.388551728603
9255,25295.59861691409
9255,25295.59861691409
9200,23427.80601223463
9200,23427.80601223463
9200,23427.80601223463
9200,23427.80601223463
9200,23427.80601223463
9200,23427.80601223463
9200,23427.80601223463
9200,23427.80601223463
1785,22241.772349810788
9220,22241.772349810788
9220,22241.772349810788
9270,26108.39501835888
9270,26108.39501835888
9280,23571.50188205772
9280,23571.50188205772
9280,23571.50188205772
9250,27386.20068980943
9230,23131.82541236728
9230,23131.82541236728
9230,23131.82541236728
9260,24518.28244565217
9260,24518.28244565217
9260,24518.28244565217
9240,21573.589026855057
9960,24160.82482508882
9968,24160.82482508882
9961,24160.82482508882
9968,24160.82482508882
9900,21718.83691327913
9970,24948.572907241534
9971,24948.572907241534
9991,22659.246335567743
9990,22659.246335567743
9992,22659.246335567743
9982,23181.089821048143
9981,23181.089821048143
9980,23181.089821048143
9988,23181.089821048143
9988,23181.089821048143
9060,20819.55924536661
9840,30664.227903922278
9840,30664.227903922278
9070,27532.193404723253
9940,24558.1047834888
9940,24558.1047834888
9940,24558.1047834888
9940,24558.1047834888
9890,26320.930422183552
9890,26320.930422183552
9890,26320.930422183552
9890,26320.930422183552
9890,26320.930422183552
9890,26320.930422183552
9051,22427.80396024944
9031,22427.80396024944
9000,22427.80396024944
9050,22427.80396024944
9050,22427.80396024944
9030,22427.80396024944
9041,22427.80396024944
9040,22427.80396024944
9051,22427.80396024944
9032,22427.80396024944
9052,22427.80396024944
9080,26203.344479261472
9080,26203.344479261472
9080,26203.344479261472
9080,26203.344479261472
9090,26406.44294147157
9090,26406.44294147157
9820,27325.95840277778
9820,27325.95840277778
9820,27325.95840277778
9820,27325.95840277778
9820,27325.95840277778
9820,27325.95840277778
9500,24293.67161511005
9180,24293.67161511005
9810,26243.250130997218
9810,26243.250130997218
9860,26582.41540787222
9860,26582.41540787222
9860,26582.41540787222
9860,26582.41540787222
9860,26582.41540787222
9860,26582.41540787222
9831,33074.17094223084
9830,33074.17094223084
9185,23989.228646165622
1830,23410.091746875
9870,23410.091746875
9870,23410.091746875
9870,23410.091746875
,24822.681150456265
,25085.96186088252
,24658.74376033211
9700,23898.19826519303
9700,23898.19826519303
9700,23898.19826519303
9700,23898.19826519303
9700,23898.19826519303
9700,23898.19826519303
9700,23898.19826519303
9700,23898.19826519303
9700,23898.19826519303
9700,23898.19826519303
9700,23898.19826519303
9700,23898.19826519303
9700,23898.19826519303
9700,23898.19826519303
9600,18408.097241366573
9660,23966.94596988072
9660,23966.94596988072
9660,23966.94596988072
9660,23966.94596988072
9660,23966.94596988072
9660,23966.94596988072
9661,23966.94596988072
9660,23966.94596988072
9690,23597.86716904277
9690,23597.86716904277
9790,25624.57256868132
9790,25624.57256868132
9790,25624.57256868132
9790,25624.57256868132
9790,25624.57256868132
9667,27362.28082023576
9667,27362.28082023576
9570,24223.001579720796
9571,24223.001579720796
9570,24223.001579720796
9572,24223.001579720796
9680,26069.012228706622
9680,26069.012228706622
9681,26069.012228706622
9688,26069.012228706622
9630,25237.22700721153
9630,25237.22700721153
9630,25237.22700721153
9630,25237.22700721153
9630,25237.22700721153
9636,25237.22700721153
9630,25237.22700721153
9630,25237.22700721153
9630,25237.22700721153
9630,25237.22700721153
9630,25237.22700721153
9630,25237.22700721153
,25484.15777582748
8791,25129.041794831013
8800,25129.041794831013
9120,25129.041794831013
9130,25129.041794831013
9120,25129.041794831013
9120,25129.041794831013
9130,25129.041794831013
9130,25129.041794831013
9120,25129.041794831013
9130,25129.041794831013
9120,25129.041794831013
9150,24160.338957551598
9150,24160.338957551598
9150,24160.338957551598
9160,22352.64217768902
9160,22352.64217768902
9160,22352.64217768902
9170,24725.17018262091
9170,24725.17018262091
9170,24725.17018262091
9170,24725.17018262091
9111,21033.33896102936
9100,21033.33896102936
9112,21033.33896102936
9100,21033.33896102936
9190,24143.52619934624
9190,24143.52619934624
9140,23164.215984739185
9140,23164.215984739185
9140,23164.215984739185
9140,23164.215984739185
7800,22299.5948660923
7803,22299.5948660923
7822,22299.5948660923
7823,22299.5948660923
7812,22299.5948660923
7801,22299.5948660923
7822,22299.5948660923
7800,22299.5948660923
7812,22299.5948660923
7810,22299.5948660923
7812,22299.5948660923
7822,22299.5948660923
7812,22299.5948660923
7802,22299.5948660923
7804,22299.5948660923
7804,22299.5948660923
7812,22299.5948660923
7812,22299.5948660923
7972,20529.86705647701
7971,20529.86705647701
7970,20529.86705647701
7972,20529.86705647701
7973,20529.86705647701
7972,20529.86705647701
7971,20529.86705647701
7973,20529.86705647701
7971,20529.86705647701
7971,20529.86705647701
7320,19856.32356352665
7321,19856.32356352665
7321,19856.32356352665
7322,19856.32356352665
7322,19856.32356352665
7941,21254.74295579388
7940,21254.74295579388
7940,21254.74295579388
7943,21254.74295579388
7942,21254.74295579388
7950,21100.22613484741
7950,21100.22613484741
7950,21100.22613484741
7950,21100.22613484741
7951,21100.22613484741
7950,21100.22613484741
7890,22769.108004690905
7890,22769.108004690905
7890,22769.108004690905
7880,22655.321858562245
7910,22088.555874380167
7910,22088.555874380167
7910,22088.555874380167
7911,22088.555874380167
7910,22088.555874380167
7912,22088.555874380167
7910,22088.555874380167
7910,22088.555874380167
7911,22088.555874380167
7911,22088.555874380167
7911,22088.555874380167
7911,22088.555874380167
7911,22088.555874380167
7912,22088.555874380167
7910,22088.555874380167
,22527.3895176692
,25093.868206650837
,20057.53140206732
7160,19228.18031115011
7160,19228.18031115011
7160,19228.18031115011
6000,15641.346250312828
6010,15641.346250312828
6020,15641.346250312828
6060,15641.346250312828
6041,15641.346250312828
6030,15641.346250312828
6040,15641.346250312828
6042,15641.346250312828
6030,15641.346250312828
6001,15641.346250312828
6031,15641.346250312828
6032,15641.346250312828
6061,15641.346250312828
6043,15641.346250312828
6044,15641.346250312828
6200,16719.60135503492
6200,16719.60135503492
6200,16719.60135503492
6180,18472.57565800824
6181,18472.57565800824
6182,18472.57565800824
6183,18472.57565800824
6240,14398.312679311866
6240,14398.312679311866
6222,19188.66403337421
6220,19188.66403337421
6220,19188.66403337421
6220,19188.66403337421
6221,19188.66403337421
6223,19188.66403337421
6224,19188.66403337421
6220,19188.66403337421
6140,18738.394394434898
6141,18738.394394434898
6142,18738.394394434898
6280,25030.83977320552
6280,25030.83977320552
6280,25030.83977320552
6280,25030.83977320552
6280,25030.83977320552
6280,25030.83977320552
6111,24617.228028865164
6110,24617.228028865164
6230,23298.5205829392
6238,23298.5205829392
6238,23298.5205829392
6230,23298.5205829392
6230,23298.5205829392
6230,23298.5205829392
6230,23298.5205829392
6250,18992.941123543977
6250,18992.941123543977
6250,18992.941123543977
6250,18992.941123543977
6210,24497.628063941294
6211,24497.628063941294
6210,24497.628063941294
6210,24497.628063941294
6210,24497.628063941294
7300,16770.068550955417
7301,16770.068550955417
7370,18080.10873205453
7370,18080.10873205453
7370,18080.10873205453
7370,18080.10873205453
7080,18317.939158406756
7080,18317.939158406756
7080,18317.939158406756
7080,18317.939158406756
7080,18317.939158406756
7350,19113.62536118876
7350,19113.62536118876
7350,19113.62536118876
7350,19113.62536118876
7050,23798.96820817228
7050,23798.96820817228
7050,23798.96820817228
7050,23798.96820817228
7050,23798.96820817228
7050,23798.96820817228
7870,21295.80682770415
7870,21295.80682770415
7870,21295.80682770415
7870,21295.80682770415
7870,21295.80682770415
7024,19054.18625387446
7033,19054.18625387446
7012,19054.18625387446
7011,19054.18625387446
7022,19054.18625387446
7022,19054.18625387446
7021,19054.18625387446
7022,19054.18625387446
7012,19054.18625387446
7020,19054.18625387446
7022,19054.18625387446
7000,19054.18625387446
7020,19054.18625387446
7022,19054.18625387446
7034,19054.18625387446
7030,19054.18625387446
7032,19054.18625387446
7031,19054.18625387446
7390,16532.956102337335
7390,16532.956102337335
7382,17541.930887332164
7380,17541.930887332164
7380,17541.930887332164
7331,20658.01715402493
7334,20658.01715402493
7332,20658.01715402493
7330,20658.01715402493
7332,20658.01715402493
7333,20658.01715402493
7334,20658.01715402493
7340,15980.791969601629
7340,15980.791969601629
7340,15980.791969601629
7340,15980.791969601629
7387,21962.359292929294
7387,21962.359292929294
7387,21962.359292929294
7387,21962.359292929294
7387,21962.359292929294
7387,21962.359292929294
7387,21962.359292929294
7387,21962.359292929294
7387,21962.359292929294
7387,21962.359292929294
7040,22521.776677359656
7040,22521.776677359656
7040,22521.776677359656
7040,22521.776677359656
7040,22521.776677359656
7041,22521.776677359656
7040,22521.776677359656
7041,22521.776677359656
7040,22521.776677359656
7040,22521.776677359656
7090,21873.939555613197
7090,21873.939555613197
7090,21873.939555613197
7090,21873.939555613197
7090,21873.939555613197
7090,21873.939555613197
7070,22527.52149455288
7070,22527.52149455288
7070,22527.52149455288
7070,22527.52149455288
7070,22527.52149455288
7061,20782.72284193313
7063,20782.72284193313
7060,20782.72284193313
7062,20782.72284193313
7063,20782.72284193313
7060,20782.72284193313
7061,20782.72284193313
7190,21182.460012190877
7191,21182.460012190877
7190,21182.460012190877
,23754.487674479165
,17883.711930792375
6150,18446.616631219746
6500,20505.16008233324
6500,20505.16008233324
6500,20505.16008233324
6500,20505.16008233324
6500,20505.16008233324
6500,20505.16008233324
6511,20505.16008233324
6500,20505.16008233324
6464,18619.628132976533
6460,18619.628132976533
6464,18619.628132976533
6460,18619.628132976533
6464,18619.628132976533
6464,18619.628132976533
6463,18619.628132976533
6464,18619.628132976533
6460,18619.628132976533
6460,18619.628132976533
6462,18619.628132976533
6460,18619.628132976533
6461,18619.628132976533
6560,18161.184175047296
6560,18161.184175047296
6560,18161.184175047296
6560,18161.184175047296
6560,18161.184175047296
6560,18161.184175047296
6440,19284.8264643474
6441,19284.8264643474
6440,19284.8264643474
6440,19284.8264643474
6440,19284.8264643474
6543,22330.49581517148
6540,22330.49581517148
6540,22330.49581517148
6542,22330.49581517148
6567,19561.08853219697
6567,19561.08853219697
6567,19561.08853219697
6567,19561.08853219697
6594,16879.11457326284
6596,16879.11457326284
6591,16879.11457326284
6593,16879.11457326284
6590,16879.11457326284
6592,16879.11457326284
6596,16879.11457326284
6533,22481.51066412009
6531,22481.51066412009
6536,22481.51066412009
6534,22481.51066412009
6530,22481.51066412009
6532,22481.51066412009
6536,22481.51066412009
6530,22481.51066412009
6120,26052.14411411194
6120,26052.14411411194
6120,26052.14411411194
6120,26052.14411411194
6120,26052.14411411194
6470,19804.153682585427
6470,19804.153682585427
6470,19804.153682585427
6470,19804.153682585427
6470,19804.153682585427
7640,19317.090894096087
7641,19317.090894096087
7642,19317.090894096087
7643,19317.090894096087
7640,19317.090894096087
7640,19317.090894096087
7760,20815.675647431384
7760,20815.675647431384
7760,20815.675647431384
7760,20815.675647431384
7760,20815.675647431384
7730,20259.622168141592
7730,20259.622168141592
7730,20259.622168141592
7730,20259.622168141592
7730,20259.622168141592
7730,20259.622168141592
7730,20259.622168141592
7743,21008.522279274697
7742,21008.522279274697
7743,21008.522279274697
7740,21008.522279274697
7740,21008.522279274697
7604,19247.69801102408
7603,19247.69801102408
7604,19247.69801102408
7604,19247.69801102408
7602,19247.69801102408
7604,19247.69801102408
7600,19247.69801102408
7601,19247.69801102408
7604,19247.69801102408
7608,19247.69801102408
7611,19770.794228010567
7610,19770.794228010567
7618,19770.794228010567
7534,20732.54473904817
7532,20732.54473904817
7522,20732.54473904817
7521,20732.54473904817
7500,20732.54473904817
7502,20732.54473904817
7504,20732.54473904817
7503,20732.54473904817
7530,20732.54473904817
7531,20732.54473904817
7522,20732.54473904817
7540,20732.54473904817
7522,20732.54473904817
7522,20732.54473904817
7534,20732.54473904817
7540,20732.54473904817
7542,20732.54473904817
7543,20732.54473904817
7501,20732.54473904817
7540,20732.54473904817
7520,20732.54473904817
7540,20732.54473904817
7500,20732.54473904817
7520,20732.54473904817
7533,20732.54473904817
7500,20732.54473904817
7536,20732.54473904817
7538,20732.54473904817
7548,20732.54473904817
7506,20732.54473904817
7620,20916.437655789992
7620,20916.437655789992
7620,20916.437655789992
7624,20916.437655789992
7620,20916.437655789992
7622,20916.437655789992
7621,20916.437655789992
7623,20916.437655789992
7620,20916.437655789992
7903,20685.70776761013
7903,20685.70776761013
7903,20685.70776761013
7906,20685.70776761013
7900,20685.70776761013
7900,20685.70776761013
7904,20685.70776761013
7901,20685.70776761013
7904,20685.70776761013
7904,20685.70776761013
7750,21877.152513144058
7750,21877.152513144058
7750,21877.152513144058
7750,21877.152513144058
,17739.504637778486
,17470.366118019196
,17501.364820230516
,19558.781035394808
,21538.74752232424
,19224.589982840203
4540,20208.24105346562
4540,20208.24105346562
4540,20208.24105346562
4540,20208.24105346562
4540,20208.24105346562
4210,25041.3441285238
4210,25041.3441285238
4210,25041.3441285238
4210,25041.3441285238
4210,25041.3441285238
4560,22861.765348741228
4560,22861.765348741228
4560,22861.765348741228
4560,22861.765348741228
4560,22861.765348741228
4560,22861.765348741228
4190,22672.41960125098
4190,22672.41960125098
4190,22672.41960125098
4190,22672.41960125098
4190,22672.41960125098
4180,21033.421497635318
4180,21033.421497635318
4181,21033.421497635318
4180,21033.421497635318
4218,24009.92208952552
4217,24009.92208952552
4217,24009.92208952552
4217,24009.92208952552
4500,20272.730105627303
4500,20272.730105627303
4500,20272.730105627303
4570,22856.53253244412
4570,22856.53253244412
4577,23538.66832661768
4577,23538.66832661768
4577,23538.66832661768
4577,23538.66832661768
4550,27397.99853347136
4550,27397.99853347136
4550,27397.99853347136
4550,27397.99853347136
4590,22520.913263790662
4590,22520.913263790662
4590,22520.913263790662
4537,25443.93047077922
4537,25443.93047077922
4537,25443.93047077922
4537,25443.93047077922
4530,23691.75204464814
4530,23691.75204464814
4530,23691.75204464814
4530,23691.75204464814
4530,23691.75204464814
4520,22854.0876283827
4520,22854.0876283827
4520,22854.0876283827
4520,22854.0876283827
4520,22854.0876283827
4520,22854.0876283827
4160,23908.011017865538
4162,23908.011017865538
4163,23908.011017865538
4161,23908.011017865538
4480,18809.75086053883
4480,18809.75086053883
4480,18809.75086053883
4557,24501.494599417336
4557,24501.494599417336
4557,24501.494599417336
4557,24501.494599417336
4557,24501.494599417336
4557,24501.494599417336
4432,19156.87034869977
4430,19156.87034869977
4431,19156.87034869977
4432,19156.87034869977
4340,23193.28859170188
4340,23193.28859170188
4342,23193.28859170188
4340,23193.28859170188
4340,23193.28859170188
4920,21721.46462802159
4920,21721.46462802159
4920,21721.46462802159
4920,21721.46462802159
4920,21721.46462802159
4690,21477.543267786124
4690,21477.543267786124
4690,21477.543267786124
4690,21477.543267786124
4690,21477.543267786124
4690,21477.543267786124
4610,19343.51302684228
4610,19343.51302684228
4610,19343.51302684228
4052,27314.436531693565
4050,27314.436531693565
4053,27314.436531693565
4051,27314.436531693565
4170,19801.70517247844
4171,19801.70517247844
4607,23972.356871901902
4607,23972.356871901902
4607,23972.356871901902
4607,23972.356871901902
4607,23972.356871901902
4608,23972.356871901902
4606,23972.356871901902
4608,23972.356871901902
4130,26209.76462109375
4130,26209.76462109375
4620,20705.668792955326
4623,20705.668792955326
4621,20705.668792955326
4624,20705.668792955326
4040,17373.221563960065
4042,17373.221563960065
4041,17373.221563960065
4041,17373.221563960065
4458,23425.891820328543
4450,23425.891820328543
4450,23425.891820328543
4452,23425.891820328543
4450,23425.891820328543
4453,23425.891820328543
4451,23425.891820328543
4452,23425.891820328543
4031,17783.847947948765
4020,17783.847947948765
4032,17783.847947948765
4000,17783.847947948765
4030,17783.847947948765
4020,17783.847947948765
4020,17783.847947948765
4000,17783.847947948765
4000,17783.847947948765
4020,17783.847947948765
4684,20488.70957065006
4681,20488.70957065006
4680,20488.70957065006
4682,20488.70957065006
4682,20488.70957065006
4680,20488.70957065006
4683,20488.70957065006
4420,16307.961422881075
4420,16307.961422881075
4420,16307.961422881075
4100,16833.474524244553
4101,16833.474524244553
4102,16833.474524244553
4100,16833.474524244553
4630,21663.011342223763
4632,21663.011342223763
4631,21663.011342223763
4633,21663.011342223763
4630,21663.011342223763
4630,21663.011342223763
4630,21663.011342223763
4140,24802.782258064515
4140,24802.782258064515
4141,24802.782258064515
4140,24802.782258064515
4140,24802.782258064515
4601,20881.07837541528
4602,20881.07837541528
4600,20881.07837541528
4600,20881.07837541528
4600,20881.07837541528
4600,20881.07837541528
4460,18197.376430802604
4460,18197.376430802604
4460,18197.376430802604
4460,18197.376430802604
4460,18197.376430802604
4460,18197.376430802604
4671,23376.45991071429
4670,23376.45991071429
4671,23376.45991071429
4670,23376.45991071429
4672,23376.45991071429
6460,23376.45991071429
4671,23376.45991071429
4670,23376.45991071429
4400,19262.45957877095
4400,19262.45957877095
4400,19262.45957877095
4400,19262.45957877095
4400,19262.45957877095
4400,19262.45957877095
4400,19262.45957877095
4120,28245.16010206124
4480,28245.16010206124
4121,28245.16010206124
4122,28245.16010206124
4120,28245.16010206124
4870,22119.785511370854
4870,22119.785511370854
4870,22119.785511370854
4770,20959.93043757814
4771,20959.93043757814
4770,20959.93043757814
4880,23227.84719285714
4837,22156.07852146968
4837,22156.07852146968
4760,21401.81114519056
4760,21401.81114519056
4761,21401.81114519056
4782,21401.81114519056
4750,20421.48463742792
4750,20421.48463742792
4821,14457.87186438455
4820,14457.87186438455
4700,20937.65767503237
4701,20937.65767503237
4651,22313.859459141357
4653,22313.859459141357
4650,22313.859459141357
4654,22313.859459141357
4650,22313.859459141357
4650,22313.859459141357
4650,22313.859459141357
4652,22313.859459141357
4845,24711.082582486582
4845,24711.082582486582
4728,19382.65047030795
4720,19382.65047030795
4721,19382.65047030795
4990,20964.79105581523
4990,20964.79105581523
4990,20964.79105581523
4831,20951.77091713881
4834,20951.77091713881
4830,20951.77091713881
4710,20885.02841045273
4711,20885.02841045273
4960,20981.01082906778
4960,20981.01082906778
4960,20981.01082906778
4877,26323.61800832925
4860,20092.381964439654
4860,20092.381964439654
4861,20092.381964439654
4860,20092.381964439654
4731,22751.504101088227
4730,22751.504101088227
4730,22751.504101088227
4784,22409.81962132536
4783,22409.81962132536
4780,22409.81962132536
4780,22409.81962132536
4900,21119.76764610718
4970,20910.968174417
4970,20910.968174417
4987,22866.75879937304
4987,22866.75879937304
4987,22866.75879937304
4987,22866.75879937304
4987,22866.75879937304
4910,23888.124758603408
4800,23888.124758603408
4910,23888.124758603408
4910,23888.124758603408
4800,16902.3881492494
4802,16902.3881492494
4800,16902.3881492494
4800,16902.3881492494
4801,16902.3881492494
4800,16902.3881492494
4950,20606.385057014053
4950,20606.385057014053
4950,20606.385057014053
4950,20606.385057014053
4841,20878.89518212078
4840,20878.89518212078
4983,20565.460754866905
4980,20565.460754866905
4980,20565.460754866905
4980,20565.460754866905
4790,21439.21973074987
4791,21439.21973074987
4851,19761.917374592835
4852,19761.917374592835
4850,19761.917374592835
4850,19761.917374592835
4851,19761.917374592835
4890,23409.83617303609
4257,23345.061058153475
4257,23345.061058153475
4257,23345.061058153475
4260,23330.048087600248
4260,23330.048087600248
4260,23330.048087600248
4260,23330.048087600248
4260,23330.048087600248
4261,23330.048087600248
4263,23330.048087600248
4260,23330.048087600248
4367,24527.252810734462
4367,24527.252810734462
4367,24527.252810734462
4367,24527.252810734462
4367,24527.252810734462
4357,26146.76420801527
4357,26146.76420801527
4357,26146.76420801527
4347,23710.66135608049
4347,23710.66135608049
4347,23710.66135608049
4347,23710.66135608049
4250,24526.50683338016
4253,24526.50683338016
4250,24526.50683338016
4250,24526.50683338016
4250,24526.50683338016
4254,24526.50683338016
4252,24526.50683338016
4280,24231.18314988841
4280,24231.18314988841
4280,24231.18314988841
4280,24231.18314988841
4280,24231.18314988841
4280,24231.18314988841
4280,24231.18314988841
4280,24231.18314988841
4280,24231.18314988841
4280,24231.18314988841
4280,24231.18314988841
4280,24231.18314988841
4280,24231.18314988841
4280,24231.18314988841
4280,24231.18314988841
4280,24231.18314988841
4280,24231.18314988841
4280,24231.18314988841
4287,23134.902545508805
4287,23134.902545508805
4287,23134.902545508805
4360,23003.20128695652
4360,23003.20128695652
4360,23003.20128695652
4360,23003.20128695652
4360,23003.20128695652
4351,24546.653581326293
4350,24546.653581326293
4350,24546.653581326293
4350,24546.653581326293
4350,24546.653581326293
4470,21296.741602501737
4300,22780.63109349725
4300,22780.63109349725
4300,22780.63109349725
4300,22780.63109349725
4300,22780.63109349725
4300,22780.63109349725
4300,22780.63109349725
4219,22508.963403307887
4219,22508.963403307887
4219,22508.963403307887
4219,22508.963403307887
4317,25169.462169649425
4317,25169.462169649425
4317,25169.462169649425
4317,25169.462169649425
4317,25169.462169649425
3665,23316.32417944972
3668,23316.32417944972
3580,20786.40312579601
3581,20786.40312579601
3582,20786.40312579601
3583,20786.40312579601
3590,23655.55987900942
3600,19965.994893226587
3890,23787.952074971166
3891,23787.952074971166
3891,23787.952074971166
3890,23787.952074971166
3890,23787.952074971166
3890,23787.952074971166
3891,23787.952074971166
3890,23787.952074971166
2812,23787.952074971166
3891,23787.952074971166
3890,23787.952074971166
3890,23787.952074971166
3545,24175.90485298734
3545,24175.90485298734
3545,24175.90485298734
3500,24621.15120633221
3510,24621.15120633221
3511,24621.15120633221
3500,24621.15120633221
3510,24621.15120633221
3512,24621.15120633221
3511,24621.15120633221
3501,24621.15120633221
3540,24234.726085667477
3540,24234.726085667477
3540,24234.726085667477
3540,24234.726085667477
3971,20936.420678978484
3970,20936.420678978484
3560,24053.77824938175
3560,24053.77824938175
3320,24053.77824938175
3560,24053.77824938175
9310,24053.77824938175
3850,22765.07688317107
3850,22765.07688317107
3850,22765.07688317107
9320,22765.07688317107
3850,22765.07688317107
3800,22567.372113268688
9300,22567.372113268688
3800,22567.372113268688
3803,22567.372113268688
3800,22567.372113268688
3800,22567.372113268688
3803,22567.372113268688
3800,22567.372113268688
3800,22567.372113268688
3800,22567.372113268688
3800,22567.372113268688
3803,22567.372113268688
3800,22567.372113268688
3806,22567.372113268688
3803,22567.372113268688
3800,22567.372113268688
3980,23913.951936511305
3520,23768.15679166859
3690,23530.545910142955
3945,22952.89081062009
3945,22952.89081062009
3550,20938.511142593077
9070,20938.511142593077
3550,20938.511142593077
3550,20938.511142593077
3950,20631.387231317764
3950,20631.387231317764
3950,20631.387231317764
3960,21678.305351302784
3960,21678.305351302784
3960,21678.305351302784
3960,21678.305351302784
2260,21678.305351302784
3960,21678.305351302784
3640,20706.294698296835
3640,20706.294698296835
3640,20706.294698296835
3640,20706.294698296835
3920,21722.98498908861
3680,21848.037325251586
3680,21848.037325251586
3680,21848.037325251586
3990,21835.67116608201
3990,21835.67116608201
3990,21835.67116608201
3990,21835.67116608201
3930,20487.82991561765
3930,20487.82991561765
3941,21425.87404522224
3940,21425.87404522224
3530,20225.23909883721
3530,20225.23909883721
3650,20663.53906031448
3650,20663.53906031448
3650,20663.53906031448
3650,20663.53906031448
3650,20663.53906031448
3650,20663.53906031448
,22254.57855953932
,21613.598986510267
3570,24384.61946110313
3740,22571.200513417472
3740,22571.200513417472
3740,22571.200513417472
3740,22571.200513417472
3740,22571.200513417472
3746,22571.200513417472
3740,22571.200513417472
3742,22571.200513417472
3740,22571.200513417472
3740,22571.200513417472
3740,22571.200513417472
3740,22571.200513417472
3740,22571.200513417472
3840,22523.51017896115
3840,22523.51017896115
3840,22523.51017896115
3840,22523.51017896115
3840,22523.51017896115
3840,22523.51017896115
3840,22523.51017896115
3840,22523.51017896115
3840,22523.51017896115
3840,22523.51017896115
3840,22523.51017896115
3840,22523.51017896115
3840,22523.51017896115
3840,22523.51017896115
3840,22523.51017896115
3870,22128.23162960021
3870,22128.23162960021
3870,22128.23162960021
3870,22128.23162960021
3870,22128.23162960021
3870,22128.23162960021
3870,22128.23162960021
3870,22128.23162960021
3870,22128.23162960021
3870,22128.23162960021
3870,22128.23162960021
3870,22128.23162960021
3870,22128.23162960021
3717,24952.97948051948
3730,23188.05969962705
3730,23188.05969962705
3732,23188.05969962705
3730,23188.05969962705
3730,23188.05969962705
3723,23556.17780311712
3720,23556.17780311712
3724,23556.17780311712
3721,23556.17780311712
3722,23556.17780311712
3620,22354.278531785305
3620,22354.278531785305
3620,22354.278531785305
3621,22354.278531785305
3620,22354.278531785305
3770,22170.21000059347
3770,22170.21000059347
3770,22170.21000059347
3770,22170.21000059347
3770,22170.21000059347
3770,22170.21000059347
3770,22170.21000059347
3770,22170.21000059347
3770,22170.21000059347
3770,22170.21000059347
3700,22066.483649381167
1910,22066.483649381167
3700,22066.483649381167
3700,22066.483649381167
3700,22066.483649381167
3700,22066.483649381167
3700,22066.483649381167
3700,22066.483649381167
3700,22066.483649381167
3700,22066.483649381167
3700,22066.483649381167
3700,22066.483649381167
3700,22066.483649381167
3700,22066.483649381167
3700,22066.483649381167
3700,22066.483649381167
3700,22066.483649381167
3700,22066.483649381167
3700,22066.483649381167
3700,22066.483649381167
3830,23988.462142379238
3831,23988.462142379238
3832,23988.462142379238
3830,23988.462142379238
3631,18883.510327454027
3630,18883.510327454027
3630,18883.510327454027
3630,18883.510327454027
3630,18883.510327454027
3630,18883.510327454027
3630,18883.510327454027
3631,18883.510327454027
3630,18883.510327454027
3790,22148.5406245726
3791,22148.5406245726
3798,22148.5406245726
3790,22148.5406245726
3792,22148.5406245726
3793,22148.5406245726
6700,24847.885973992696
6706,24847.885973992696
6700,24847.885973992696
6704,24847.885973992696
6700,24847.885973992696
6700,24847.885973992696
6717,29955.467972076785
6717,29955.467972076785
6717,29955.467972076785
6717,29955.467972076785
6717,29955.467972076785
6791,19429.890189780195
6790,19429.890189780195
6792,19429.890189780195
6792,19429.890189780195
6630,20601.8472890664
6782,26040.58347199244
6780,26040.58347199244
6780,26040.58347199244
6781,26040.58347199244
6780,26040.58347199244
6600,20293.94195770033
6600,20293.94195770033
4347,20293.94195770033
6600,20293.94195770033
6600,20293.94195770033
6600,20293.94195770033
6687,20338.630698047607
6686,20338.630698047607
5310,20338.630698047607
6688,20338.630698047607
6637,21623.87354825462
6637,21623.87354825462
6637,21623.87354825462
6660,20100.33552721089
6663,20100.33552721089
5530,20100.33552721089
6661,20100.33552721089
6660,20100.33552721089
6661,20100.33552721089
6662,20100.33552721089
6666,20100.33552721089
6690,19509.719308738357
6698,19509.719308738357
6692,19509.719308738357
6690,19509.719308738357
6640,20538.45799934885
6642,20538.45799934885
6640,20538.45799934885
6640,20538.45799934885
6640,20538.45799934885
6640,20538.45799934885
6640,20538.45799934885
6672,19093.216531096117
6671,19093.216531096117
6673,19093.216531096117
6670,19093.216531096117
6670,19093.216531096117
6674,19093.216531096117
6680,18875.22879219805
6681,18875.22879219805
6680,18875.22879219805
6940,20082.6379160511
6941,20082.6379160511
1367,20082.6379160511
6941,20082.6379160511
6941,20082.6379160511
6940,20082.6379160511
6940,20082.6379160511
6941,20082.6379160511
6941,20082.6379160511
6940,20082.6379160511
6941,20082.6379160511
6941,20082.6379160511
6940,20082.6379160511
6997,21018.994070185963
6997,21018.994070185963
6997,21018.994070185963
6997,21018.994070185963
6990,19440.198640335548
6990,19440.198640335548
6990,19440.198640335548
6990,19440.198640335548
6980,20346.31340302812
6986,20346.31340302812
6984,20346.31340302812
6980,20346.31340302812
6983,20346.31340302812
6982,20346.31340302812
6900,20498.297160417944
6900,20498.297160417944
6900,20498.297160417944
6900,20498.297160417944
6900,20498.297160417944
6900,20498.297160417944
6900,20498.297160417944
6953,20599.222379280072
6951,20599.222379280072
6953,20599.222379280072
6952,20599.222379280072
6950,20599.222379280072
6953,20599.222379280072
6953,20599.222379280072
6950,20599.222379280072
6987,20129.064068682343
6987,20129.064068682343
6987,20129.064068682343
6987,20129.064068682343
6971,21266.945766828598
6972,21266.945766828598
6970,21266.945766828598
6960,21038.7205563057
6960,21038.7205563057
6960,21038.7205563057
6960,21038.7205563057
6960,21038.7205563057
6960,21038.7205563057
6880,19565.428584611964
6880,19565.428584611964
6880,19565.428584611964
6880,19565.428584611964
6880,19565.428584611964
6834,19330.15983888889
6830,19330.15983888889
6838,19330.15983888889
6836,19330.15983888889
6830,19330.15983888889
6831,19330.15983888889
6830,19330.15983888889
6830,19330.15983888889
6832,19330.15983888889
6833,19330.15983888889
6833,19330.15983888889
6929,18703.447533568906
6929,18703.447533568906
6929,18703.447533568906
6887,19998.23481481481
6887,19998.23481481481
6887,19998.23481481481
6860,21840.93813087365
6860,21840.93813087365
6860,21840.93813087365
6860,21840.93813087365
6860,21840.93813087365
6890,21077.124803939787
6890,21077.124803939787
6890,21077.124803939787
6890,21077.124803939787
6890,21077.124803939787
6890,21077.124803939787
6890,21077.124803939787
6840,20514.339745907648
6840,20514.339745907648
6840,20514.339745907648
6840,20514.339745907648
6840,20514.339745907648
6840,20514.339745907648
6850,19720.78525113327
6856,19720.78525113327
6853,19720.78525113327
6852,19720.78525113327
6851,19720.78525113327
6850,19720.78525113327
6852,19720.78525113327
6850,19720.78525113327
6870,19681.184201358647
6870,19681.184201358647
6870,19681.184201358647
6870,19681.184201358647
6870,19681.184201358647
6870,19681.184201358647
6927,21138.67583036068
6927,21138.67583036068
6927,21138.67583036068
6927,21138.67583036068
6921,20602.295753295668
6922,20602.295753295668
6924,20602.295753295668
6920,20602.295753295668
6920,20602.295753295668
6800,21132.72992483108
6800,21132.72992483108
6800,21132.72992483108
6800,21132.72992483108
6800,21132.72992483108
6800,21132.72992483108
6800,21132.72992483108
6800,21132.72992483108
6810,20441.1921027683
6810,20441.1921027683
6810,20441.1921027683
6811,20441.1921027683
6812,20441.1921027683
6813,20441.1921027683
6743,25189.451784595083
6742,25189.451784595083
6740,25189.451784595083
6740,25189.451784595083
6741,25189.451784595083
6740,25189.451784595083
6824,19601.897171976703
6820,19601.897171976703
6820,19601.897171976703
6821,19601.897171976703
6820,19601.897171976703
6820,19601.897171976703
6823,19601.897171976703
6769,20794.9461497516
6769,20794.9461497516
6769,20794.9461497516
6769,20794.9461497516
6769,20794.9461497516
6750,21963.89060748663
6750,21963.89060748663
6750,21963.89060748663
6747,23889.255611972207
6747,23889.255611972207
6747,23889.255611972207
5555,22222.104753989363
5555,22222.104753989363
6730,22222.104753989363
5555,22222.104753989363
5555,22222.104753989363
5555,22222.104753989363
5555,22222.104753989363
5555,22222.104753989363
6730,22222.104753989363
6730,22222.104753989363
6730,22222.104753989363
6760,20743.58451121233
6760,20743.58451121233
6761,20743.58451121233
6760,20743.58451121233
6762,20743.58451121233
6760,20743.58451121233
6721,24090.151013909643
6720,24090.151013909643
6723,24090.151013909643
6720,24090.151013909643
6724,24090.151013909643
6724,24090.151013909643
6767,20213.69631947688
6767,20213.69631947688
6767,20213.69631947688
6767,20213.69631947688
5537,21095.6280441728
5537,21095.6280441728
5537,21095.6280441728
5537,21095.6280441728
5537,21095.6280441728
5537,21095.6280441728
5537,21095.6280441728
5570,19049.709424947145
5570,19049.709424947145
5570,19049.709424947145
5570,19049.709424947145
5570,19049.709424947145
5572,19049.709424947145
5576,19049.709424947145
5570,19049.709424947145
5570,19049.709424947145
5573,19049.709424947145
5574,19049.709424947145
5570,19049.709424947145
5570,19049.709424947145
5571,19049.709424947145
5570,19049.709424947145
5555,18564.62626044368
5555,18564.62626044368
5555,18564.62626044368
5590,20945.000548441792
5590,20945.000548441792
5590,20945.000548441792
5590,20945.000548441792
5590,20945.000548441792
5590,20945.000548441792
5590,20945.000548441792
5590,20945.000548441792
5590,20945.000548441792
5590,20945.000548441792
5500,19336.05339726233
5500,19336.05339726233
5500,19336.05339726233
5500,19336.05339726233
5500,19336.05339726233
5500,19336.05339726233
5504,19336.05339726233
5500,19336.05339726233
5501,19336.05339726233
5503,19336.05339726233
5502,19336.05339726233
5575,19207.694957319676
5575,19207.694957319676
5575,19207.694957319676
5575,19207.694957319676
5575,19207.694957319676
5575,19207.694957319676
5575,19207.694957319676
5575,19207.694957319676
5575,19207.694957319676
5575,19207.694957319676
5575,19207.694957319676
5575,19207.694957319676
5362,21840.115357332623
5363,21840.115357332623
5360,21840.115357332623
5361,21840.115357332623
5360,21840.115357332623
5364,21840.115357332623
5361,21840.115357332623
5370,20845.189945427173
5370,20845.189945427173
5370,20845.189945427173
4357,20845.189945427173
5370,20845.189945427173
5374,20845.189945427173
5376,20845.189945427173
5372,20845.189945427173
5370,20845.189945427173
6929,20845.189945427173
5370,20845.189945427173
4317,20056.398059030493
5561,20056.398059030493
7760,20056.398059030493
5560,20056.398059030493
5562,20056.398059030493
5560,20056.398059030493
5563,20056.398059030493
5560,20056.398059030493
5560,20056.398059030493
5560,20056.398059030493
5560,20056.398059030493
5564,20056.398059030493
5520,20941.90804089106
5522,20941.90804089106
5524,20941.90804089106
5520,20941.90804089106
5521,20941.90804089106
5523,20941.90804089106
5523,20941.90804089106
5580,19990.61302021403
5580,19990.61302021403
5580,19990.61302021403
5580,19990.61302021403
5580,19990.61302021403
5580,19990.61302021403
5580,19990.61302021403
5580,19990.61302021403
5580,19990.61302021403
5580,19990.61302021403
5580,19990.61302021403
5377,21073.73476989533
5377,21073.73476989533
5377,21073.73476989533
5377,21073.73476989533
5377,21073.73476989533
5377,21073.73476989533
5377,21073.73476989533
5377,21073.73476989533
5377,21073.73476989533
5530,23014.10947362721
5530,23014.10947362721
5530,23014.10947362721
5530,23014.10947362721
5530,23014.10947362721
5530,23014.10947362721
5530,23014.10947362721
5530,23014.10947362721
5544,18335.20150129701
5542,18335.20150129701
5540,18335.20150129701
5541,18335.20150129701
5543,18335.20150129701
5540,18335.20150129701
5540,18335.20150129701
5550,19085.927856287424
5550,19085.927856287424
5550,19085.927856287424
5550,19085.927856287424
5550,19085.927856287424
5550,19085.927856287424
5550,19085.927856287424
5550,19085.927856287424
5550,19085.927856287424
5550,19085.927856287424
5550,19085.927856287424
5550,19085.927856287424
5300,20501.157074411327
5300,20501.157074411327
5300,20501.157074411327
5300,20501.157074411327
5300,20501.157074411327
5300,20501.157074411327
5300,20501.157074411327
5300,20501.157074411327
5300,20501.157074411327
5300,20501.157074411327
5330,23707.34027455266
5336,23707.34027455266
5332,23707.34027455266
5334,23707.34027455266
5330,23707.34027455266
5330,23707.34027455266
5333,23707.34027455266
5310,23919.14148638132
5310,23919.14148638132
5310,23919.14148638132
5310,23919.14148638132
5310,23919.14148638132
5310,23919.14148638132
5310,23919.14148638132
5310,23919.14148638132
5310,23919.14148638132
5310,23919.14148638132
5310,23919.14148638132
5310,23919.14148638132
5310,23919.14148638132
5310,23919.14148638132
5310,23919.14148638132
5150,23295.638308071477
5150,23295.638308071477
5150,23295.638308071477
5150,23295.638308071477
5070,21433.31778628145
5070,21433.31778628145
5070,21433.31778628145
5070,21433.31778628145
5070,21433.31778628145
5070,21433.31778628145
5340,24427.822375541127
5340,24427.822375541127
5340,24427.822375541127
5340,24427.822375541127
5340,24427.822375541127
5640,22085.354546602302
5640,22085.354546602302
5644,22085.354546602302
5641,22085.354546602302
5640,22085.354546602302
5640,22085.354546602302
5640,22085.354546602302
5640,22085.354546602302
5646,22085.354546602302
5000,21294.039795649947
5001,21294.039795649947
5021,21294.039795649947
5004,21294.039795649947
5020,21294.039795649947
5022,21294.039795649947
5020,21294.039795649947
5100,21294.039795649947
5101,21294.039795649947
5020,21294.039795649947
5024,21294.039795649947
5100,21294.039795649947
5101,21294.039795649947
5101,21294.039795649947
5020,21294.039795649947
5024,21294.039795649947
5000,21294.039795649947
5100,21294.039795649947
5003,21294.039795649947
5002,21294.039795649947
5020,21294.039795649947
5020,21294.039795649947
5020,21294.039795649947
5100,21294.039795649947
5100,21294.039795649947
5350,21852.4587245486
5353,21852.4587245486
5351,21852.4587245486
5354,21852.4587245486
5350,21852.4587245486
1360,21852.4587245486
5352,21852.4587245486
5170,24001.977236213457
7811,24001.977236213457
5170,24001.977236213457
5170,24001.977236213457
5170,24001.977236213457
5170,24001.977236213457
5170,24001.977236213457
5140,22761.669364778383
5140,22761.669364778383
5140,22761.669364778383
5140,22761.669364778383
5060,19243.10597633136
5060,19243.10597633136
5060,19243.10597633136
5060,19243.10597633136
5060,19243.10597633136
5060,19243.10597633136
5060,19243.10597633136
5380,24386.69149373556
5380,24386.69149373556
5380,24386.69149373556
5380,24386.69149373556
5380,24386.69149373556
5380,24386.69149373556
5380,24386.69149373556
5380,24386.69149373556
5380,24386.69149373556
5190,21258.99130705717
5190,21258.99130705717
5190,21258.99130705717
5190,21258.99130705717
7911,21258.99130705717
5190,21258.99130705717
5190,21258.99130705717
5190,21258.99130705717
5190,21258.99130705717
5081,26015.974591046062
5080,26015.974591046062
5081,26015.974591046062
5080,26015.974591046062
7034,26015.974591046062
5081,26015.974591046062
5080,26015.974591046062
5080,26015.974591046062
5030,23923.25231700419
5032,23923.25231700419
5032,23923.25231700419
5032,23923.25231700419
5030,23923.25231700419
5030,23923.25231700419
5031,23923.25231700419
5030,23923.25231700419
5032,23923.25231700419
5030,23923.25231700419
5032,23923.25231700419
5030,23923.25231700419
5630,20720.701487487488
5630,20720.701487487488
5630,20720.701487487488
5630,20720.701487487488
5630,20720.701487487488
5630,20720.701487487488
5660,18264.11573071429
5660,18264.11573071429
5660,18264.11573071429
5660,18264.11573071429
5660,18264.11573071429
5660,18264.11573071429
5660,18264.11573071429
5660,18264.11573071429
5660,18264.11573071429
5660,18264.11573071429
5660,18264.11573071429
5660,18264.11573071429
5660,18264.11573071429
5660,18264.11573071429
5680,19198.47225709516
5680,19198.47225709516
5680,19198.47225709516
5680,19198.47225709516
5680,19198.47225709516
5680,19198.47225709516
5680,19198.47225709516
5680,19198.47225709516
5680,19198.47225709516
5680,19198.47225709516
5620,20110.411247905457
5620,20110.411247905457
5620,20110.411247905457
5621,20110.411247905457
5621,20110.411247905457
5380,20110.411247905457
5620,20110.411247905457
5621,20110.411247905457
5620,20110.411247905457
5620,20110.411247905457
5620,20110.411247905457
5621,20110.411247905457
5600,19934.96911523292
5600,19934.96911523292
5600,19934.96911523292
5600,19934.96911523292
5600,19934.96911523292
5600,19934.96911523292
5600,19934.96911523292
5600,19934.96911523292
5600,19934.96911523292
5600,19934.96911523292
5600,19934.96911523292
5600,19934.96911523292
5600,19934.96911523292
5600,19934.96911523292
5600,19934.96911523292
5600,19934.96911523292
5600,19934.96911523292
5651,22169.19235351669
5650,22169.19235351669
5650,22169.19235351669
4890,22169.19235351669
5650,22169.19235351669
5650,22169.19235351669
5650,22169.19235351669
5651,22169.19235351669
5651,22169.19235351669
5650,22169.19235351669
5651,22169.19235351669
5651,22169.19235351669
5651,22169.19235351669
5651,22169.19235351669
5650,22169.19235351669
5650,22169.19235351669
5650,22169.19235351669
5670,18853.416581560283
5670,18853.416581560283
5670,18853.416581560283
5670,18853.416581560283
5670,18853.416581560283
5670,18853.416581560283
5670,18853.416581560283
5670,18853.416581560283
